specie,obj,ability,HP,Atk,Def,SpA,SpD,Spe,nature,iv_HP,iv_Atk,iv_Def,iv_SpA,iv_SpD,iv_Spe,move1,move2,move3,move4,teammate1,teammate2,teammate3,teammate4,teammate5,score
Indeedee,Focus Sash ,Psychic Surge,0,0,0,252,4,252,Timid,31,0,31,31,31,31,After You,Expanding Force,Imprison,Trick Room,Sandaconda,Barraskewda,Dracozolt,Dracovish,Greedent, 1524
Sandaconda,Weakness Policy ,Sand Spit,252,252,0,0,4,0,Adamant,31,31,31,31,31,31,High Horsepower,Iron Head,Rock Slide,Protect,Indeedee,Barraskewda,Dracozolt,Dracovish,Greedent, 1524
Barraskewda,Choice Scarf ,Propeller Tail,0,252,0,0,4,252,Jolly,31,31,31,31,31,31,Flip Turn,Psychic Fangs,Liquidation,Ice Fang,Indeedee,Sandaconda,Dracozolt,Dracovish,Greedent, 1524
Dracozolt,Life Orb ,Sand Rush,0,252,0,0,4,252,Adamant,31,31,31,31,31,31,Bolt Beak,Dragon Claw,Rock Slide,Aerial Ace,Indeedee,Sandaconda,Barraskewda,Dracovish,Greedent, 1524
Dracovish,Choice Band ,Sand Rush,0,252,0,0,4,252,Adamant,31,31,31,31,31,31,Fishious Rend,Psychic Fangs,Rock Slide,Leech Life,Indeedee,Sandaconda,Barraskewda,Dracozolt,Greedent, 1524
Greedent,Sitrus Berry ,Cheek Pouch,248,252,4,0,4,0,Brave,31,31,31,31,31,0,Belly Drum,Body Slam,Crunch,Fire Fang,Indeedee,Sandaconda,Barraskewda,Dracozolt,Dracovish, 1524
Dragapult,Life Orb ,Infiltrator,4,0,0,252,0,252,Timid,31,0,31,31,31,31,Hydro Pump,Draco Meteor,Thunder,Shadow Ball,Barraskewda,Indeedee-F,Weezing-Galar,Darmanitan-Galar,Duraludon, 1558
Barraskewda,Choice Band ,Swift Swim,4,252,0,0,0,252,Adamant,31,31,31,31,31,31,Close Combat,Liquidation,Psychic Fangs,Crunch,Dragapult,Indeedee-F,Weezing-Galar,Darmanitan-Galar,Duraludon, 1558
Indeedee-F,Eject Button ,Psychic Surge,252,0,0,4,252,0,Calm,31,0,31,31,31,31,Expanding Force,Follow Me,Protect,Helping Hand,Dragapult,Barraskewda,Weezing-Galar,Darmanitan-Galar,Duraludon, 1558
Weezing-Galar,Normal Gem ,Neutralizing Gas,252,252,0,0,4,0,Adamant,31,31,31,31,31,31,Explosion,Protect,Taunt,Rain Dance,Dragapult,Barraskewda,Indeedee-F,Darmanitan-Galar,Duraludon, 1558
Darmanitan-Galar,Focus Sash ,Zen Mode,4,252,0,0,0,252,Jolly,31,31,31,31,31,31,Fire Punch,Ice Punch,Bulldoze,Rock Slide,Dragapult,Barraskewda,Indeedee-F,Weezing-Galar,Duraludon, 1558
Duraludon,Weakness Policy ,Stalwart,0,0,0,252,4,252,Timid,31,0,31,31,31,31,Draco Meteor,Flash Cannon,Dark Pulse,Thunder,Dragapult,Barraskewda,Indeedee-F,Weezing-Galar,Darmanitan-Galar, 1558
Rillaboom,Expert Belt ,Grassy Surge,0,252,252,0,4,0,Brave,31,31,31,31,31,0,Grassy Glide,Hammer Arm,High Horsepower,Protect,Duraludon,Hatterene,Copperajah,Dracozolt,Orbeetle, 1552
Duraludon,Assault Vest ,Stalwart,0,0,252,252,4,0,Quiet,31,0,31,31,31,0,Draco Meteor,Flash Cannon,Thunderbolt,Dark Pulse,Rillaboom,Hatterene,Copperajah,Dracozolt,Orbeetle, 1552
Hatterene,Babiri Berry ,Magic Bounce,252,0,0,252,4,0,Quiet,31,0,31,31,31,0,Trick Room,Dazzling Gleam,Mystical Fire,Psychic,Rillaboom,Duraludon,Copperajah,Dracozolt,Orbeetle, 1552
Copperajah,Rocky Helmet ,Heavy Metal,252,252,0,0,4,0,Brave,31,31,31,31,31,0,Heavy Slam,Heat Crash,Protect,Rock Slide,Rillaboom,Duraludon,Hatterene,Dracozolt,Orbeetle, 1552
Dracozolt,Room Service ,Volt Absorb,252,252,0,0,4,0,Brave,31,31,31,31,31,0,Bolt Beak,Dragon Claw,Taunt,Protect,Rillaboom,Duraludon,Hatterene,Copperajah,Orbeetle, 1552
Orbeetle,Leftovers ,Frisk,252,0,252,0,4,0,Relaxed,31,0,31,31,31,0,Trick Room,Body Press,Protect,Psychic,Rillaboom,Duraludon,Hatterene,Copperajah,Dracozolt, 1552
Coalossal-Gmax,Weakness Policy ,Flash Fire,252,0,0,252,4,0,Quiet,31,0,31,31,31,0,Heat Wave,Ancient Power,Protect,Earth Power,Obstagoon,Indeedee-F,Cinderace,Hatterene,Duraludon, 1610
Obstagoon,Flame Orb ,Guts,4,252,0,0,0,252,Adamant,31,31,31,31,31,31,Facade,Knock Off,Obstruct,Fire Punch,Coalossal-Gmax,Indeedee-F,Cinderace,Hatterene,Duraludon, 1610
Indeedee-F,Focus Sash ,Psychic Surge,252,0,0,252,4,0,Quiet,31,0,31,31,31,0,Follow Me,Expanding Force,Protect,Mystical Fire,Coalossal-Gmax,Obstagoon,Cinderace,Hatterene,Duraludon, 1610
Cinderace,Life Orb ,Libero,0,252,0,0,4,252,Jolly,31,31,31,31,31,31,Pyro Ball,Protect,Sucker Punch,Iron Head,Coalossal-Gmax,Obstagoon,Indeedee-F,Hatterene,Duraludon, 1610
Hatterene,Babiri Berry ,Magic Bounce,252,0,0,252,4,0,Quiet,31,0,31,31,31,0,Trick Room,Psychic,Dazzling Gleam,Mystical Fire,Coalossal-Gmax,Obstagoon,Indeedee-F,Cinderace,Duraludon, 1610
Duraludon,Shuca Berry ,Stalwart,0,0,252,252,4,0,Quiet,31,0,31,31,31,0,Flash Cannon,Draco Meteor,Dark Pulse,Thunderbolt,Coalossal-Gmax,Obstagoon,Indeedee-F,Cinderace,Hatterene, 1610
Dracozolt,Life Orb ,Sand Rush,0,252,0,0,4,252,Jolly,31,31,31,31,31,31,Aerial Ace,Bolt Beak,High Horsepower,Stone Edge,Inteleon,Duraludon,Sandaconda,Indeedee-F,Grimmsnarl, 1572
Inteleon,Focus Sash ,Torrent,0,0,0,252,4,252,Timid,31,31,31,31,31,31,Soak,Icy Wind,Aqua Jet,Snipe Shot,Dracozolt,Duraludon,Sandaconda,Indeedee-F,Grimmsnarl, 1572
Duraludon,Assault Vest ,Stalwart,100,0,76,252,20,60,Modest,31,0,31,31,31,31,Snarl,Thunderbolt,Draco Meteor,Flash Cannon,Dracozolt,Inteleon,Sandaconda,Indeedee-F,Grimmsnarl, 1572
Sandaconda,Weakness Policy ,Sand Spit,140,252,0,0,116,0,Adamant,31,31,31,31,31,31,Drill Run,Iron Head,Body Press,Coil,Dracozolt,Inteleon,Duraludon,Indeedee-F,Grimmsnarl, 1572
Indeedee-F,Psychic Seed ,Own Tempo,252,0,252,0,4,0,Relaxed,31,0,31,31,31,0,Follow Me,Expanding Force,Mystical Fire,Helping Hand,Dracozolt,Inteleon,Duraludon,Sandaconda,Grimmsnarl, 1572
Grimmsnarl,Light Clay ,Prankster,252,0,100,0,156,0,Careful,31,31,31,31,31,31,Light Screen,Reflect,Burning Jealousy,Spirit Break,Dracozolt,Inteleon,Duraludon,Sandaconda,Indeedee-F, 1572
Cinderace,Life Orb ,Libero,4,252,0,0,0,252,Jolly,31,31,31,31,31,31,Iron Head,Bounce,Sucker Punch,High Jump Kick,Inteleon,Boltund,Indeedee,Darmanitan-Galar,Duraludon, 1638
Inteleon,Scope Lens ,Sniper,4,0,0,252,0,252,Timid,31,0,31,31,31,31,Snipe Shot,Air Slash,Dark Pulse,Protect,Cinderace,Boltund,Indeedee,Darmanitan-Galar,Duraludon, 1638
Boltund,Focus Sash ,Competitive,4,0,0,252,0,252,Timid,31,31,31,31,31,31,Snarl,Thunderbolt,Nuzzle,Protect,Cinderace,Inteleon,Indeedee,Darmanitan-Galar,Duraludon, 1638
Indeedee,Twisted Spoon ,Psychic Surge,60,0,4,180,68,196,Modest,31,0,31,31,31,31,Expanding Force,Imprison,Trick Room,Mystical Fire,Cinderace,Inteleon,Boltund,Darmanitan-Galar,Duraludon, 1638
Darmanitan-Galar,Choice Scarf ,Gorilla Tactics,4,252,0,0,0,252,Adamant,31,31,31,31,31,31,Icicle Crash,U-turn,Superpower,Flare Blitz,Cinderace,Inteleon,Boltund,Indeedee,Duraludon, 1638
Duraludon,Assault Vest ,Stalwart,156,0,4,212,68,68,Modest,31,0,31,31,31,31,Flash Cannon,Draco Meteor,Thunderbolt,Dark Pulse,Cinderace,Inteleon,Boltund,Indeedee,Darmanitan-Galar, 1638
Corviknight,Leftovers ,Mirror Armor,252,0,252,0,4,0,Impish,31,31,31,31,31,31,Brave Bird,Body Press,Iron Defense,Roost,Dracovish,Runerigus,Duraludon,Grimmsnarl,Inteleon, 1612
Dracovish,Choice Band ,Water Absorb,4,252,0,0,0,252,Jolly,31,31,31,31,31,31,Fishious Rend,Rock Slide,Crunch,Leech Life,Corviknight,Runerigus,Duraludon,Grimmsnarl,Inteleon, 1612
Runerigus,Weakness Policy ,Wandering Spirit,252,4,0,0,252,0,Sassy,31,31,31,31,31,0,Trick Room,Body Press,Poltergeist,Earthquake,Corviknight,Dracovish,Duraludon,Grimmsnarl,Inteleon, 1612
Duraludon,Life Orb ,Stalwart,252,0,0,252,0,4,Modest,31,0,31,31,31,31,Flash Cannon,Draco Meteor,Dark Pulse,Protect,Corviknight,Dracovish,Runerigus,Grimmsnarl,Inteleon, 1612
Grimmsnarl,Light Clay ,Prankster,0,4,252,0,252,0,Impish,31,31,31,31,31,31,Spirit Break,Sucker Punch,Reflect,Light Screen,Corviknight,Dracovish,Runerigus,Duraludon,Inteleon, 1612
Inteleon,Scope Lens ,Sniper,4,0,92,156,4,252,Timid,31,0,31,31,31,31,Snipe Shot,Air Slash,Ice Beam,Protect,Corviknight,Dracovish,Runerigus,Duraludon,Grimmsnarl, 1612
Indeedee,Focus Sash ,Psychic Surge,4,0,0,252,0,252,Timid,31,0,31,31,31,31,Expanding Force,Trick Room,Imprison,Mystical Fire,Cinderace,Boltund,Duraludon,Grimmsnarl,Corviknight, 1612
Cinderace,Life Orb ,Libero,4,252,0,0,0,252,Jolly,31,31,31,31,31,31,Pyro Ball,Sucker Punch,Bounce,Protect,Indeedee,Boltund,Duraludon,Grimmsnarl,Corviknight, 1612
Boltund,Psychic Seed ,Competitive,252,0,0,4,0,252,Timid,31,31,31,31,31,31,Nuzzle,Snarl,Charm,Thunderbolt,Indeedee,Cinderace,Duraludon,Grimmsnarl,Corviknight, 1612
Duraludon,Assault Vest ,Stalwart,116,0,4,252,100,36,Modest,31,0,31,31,31,31,Flash Cannon,Draco Meteor,Thunderbolt,Snarl,Indeedee,Cinderace,Boltund,Grimmsnarl,Corviknight, 1612
Grimmsnarl,Light Clay ,Prankster,252,4,140,0,100,12,Careful,31,31,31,31,31,31,Fake Out,Reflect,Light Screen,Spirit Break,Indeedee,Cinderace,Boltund,Duraludon,Corviknight, 1612
Corviknight,Occa Berry ,Mirror Armor,252,0,146,0,100,12,Impish,31,0,31,31,31,31,Body Press,Iron Defense,Tailwind,Roost,Indeedee,Cinderace,Boltund,Duraludon,Grimmsnarl, 1612
Dragapult,Focus Sash ,Infiltrator,4,252,0,0,0,252,,31,31,31,31,31,31,Baton Pass,Dragon Dance,Dragon Darts,Phantom Force,Orbeetle,Sandaconda,Grimmsnarl,Indeedee-F,Perrserker, 1529
Orbeetle,Figy Berry ,Telepathy,252,0,132,0,124,0,Bold,31,0,31,31,31,31,Expanding Force,Light Screen,Recover,Trick Room,Dragapult,Sandaconda,Grimmsnarl,Indeedee-F,Perrserker, 1529
Sandaconda,Leftovers ,Sand Spit,252,0,124,0,132,0,Careful,31,31,31,31,31,31,Coil,High Horsepower,Glare,Iron Head,Dragapult,Orbeetle,Grimmsnarl,Indeedee-F,Perrserker, 1529
Grimmsnarl,Light Clay ,Prankster,252,0,132,0,124,0,Impish,31,31,31,31,31,31,Foul Play,Light Screen,Reflect,Spirit Break,Dragapult,Orbeetle,Sandaconda,Indeedee-F,Perrserker, 1529
Indeedee-F,Sitrus Berry ,Psychic Surge,252,0,132,0,124,0,Bold,31,0,31,31,31,31,Expanding Force,Light Screen,Heal Pulse,Follow Me,Dragapult,Orbeetle,Sandaconda,Grimmsnarl,Perrserker, 1529
Perrserker,Assault Vest ,Tough Claws,4,252,0,0,0,252,Jolly,31,31,31,31,31,31,Close Combat,Iron Head,Play Rough,Seed Bomb,Dragapult,Orbeetle,Sandaconda,Grimmsnarl,Indeedee-F, 1529
Pincurchin,Expert Belt ,Electric Surge,212,60,0,236,0,0,Brave,31,31,31,31,31,0,Rising Voltage,Scald,Poison Jab,Rain Dance,Corsola-Galar,Grapploct,Barraskewda,Morpeko,Drednaw, 1418
Corsola-Galar,Eviolite ,Cursed Body,124,0,244,0,140,0,Sassy,31,0,31,31,31,0,Will-O-Wisp,Hex,Reflect,Light Screen,Pincurchin,Grapploct,Barraskewda,Morpeko,Drednaw, 1418
Grapploct,Choice Band ,Limber,252,252,0,0,4,0,Brave,31,31,31,31,31,0,Close Combat,Liquidation,Ice Punch,Stomping Tantrum,Pincurchin,Corsola-Galar,Barraskewda,Morpeko,Drednaw, 1418
Barraskewda,Focus Sash ,Propeller Tail,4,252,0,0,4,248,Jolly,31,31,31,31,31,0,Crunch,Brick Break,Poison Jab,Liquidation,Pincurchin,Corsola-Galar,Grapploct,Morpeko,Drednaw, 1418
Morpeko,Life Orb ,Hunger Switch,0,252,0,0,4,252,Jolly,31,31,31,31,31,31,Aura Wheel,Brick Break,Fake Out,Protect,Pincurchin,Corsola-Galar,Grapploct,Barraskewda,Drednaw, 1418
Drednaw,Assault Vest ,Swift Swim,0,252,0,0,4,252,Adamant,31,31,31,31,31,31,Head Smash,High Horsepower,Liquidation,Superpower,Pincurchin,Corsola-Galar,Grapploct,Barraskewda,Morpeko, 1418
Rillaboom,Miracle Seed ,Grassy Surge,252,252,0,0,4,0,Adamant,31,31,31,31,31,31,Wood Hammer,Grassy Glide,Grass Pledge,Protect,Cinderace,Inteleon,Corviknight,Boltund,Grimmsnarl, 1610
Cinderace,Life Orb ,Libero,4,252,0,0,0,252,Jolly,31,31,31,31,31,31,Pyro Ball,High Jump Kick,Bounce,Iron Head,Rillaboom,Inteleon,Corviknight,Boltund,Grimmsnarl, 1610
Inteleon,Choice Scarf ,Torrent,4,0,0,252,0,252,Timid,31,0,31,31,31,31,Snipe Shot,Water Pledge,Icy Wind,Soak,Rillaboom,Cinderace,Corviknight,Boltund,Grimmsnarl, 1610
Corviknight,Lum Berry ,Mirror Armor,252,4,76,0,132,44,Impish,31,31,31,31,31,31,Brave Bird,Iron Head,Bulk Up,Roost,Rillaboom,Cinderace,Inteleon,Boltund,Grimmsnarl, 1610
Boltund,Focus Sash ,Competitive,4,0,0,252,0,252,Timid,31,31,31,31,31,31,Thunderbolt,Snarl,Nuzzle,Protect,Rillaboom,Cinderace,Inteleon,Corviknight,Grimmsnarl, 1610
Grimmsnarl,Light Clay ,Prankster,252,0,156,0,100,0,Impish,31,31,31,31,31,31,Sucker Punch,Spirit Break,Reflect,Light Screen,Rillaboom,Cinderace,Inteleon,Corviknight,Boltund, 1610
Indeedee,Focus Sash ,Psychic Surge,4,0,0,252,0,252,Timid,31,0,31,31,31,31,Trick Room,Imprison,Expanding Force,Mystical Fire,Dragapult,Dubwool,Sandaconda,Mr. Mime-Galar,Barraskewda, 1565
Dragapult,Weakness Policy ,Clear Body,252,4,252,0,0,0,Impish,31,31,31,0,31,31,Dragon Darts,Acrobatics,Protect,Phantom Force,Indeedee,Dubwool,Sandaconda,Mr. Mime-Galar,Barraskewda, 1565
Dubwool,Maranga Berry ,Bulletproof,180,0,80,0,116,132,Impish,31,0,31,0,31,31,Cotton Guard,Baton Pass,Body Press,Protect,Indeedee,Dragapult,Sandaconda,Mr. Mime-Galar,Barraskewda, 1565
Sandaconda,Assault Vest ,Sand Spit,252,100,0,0,156,0,Careful,31,31,31,0,31,31,Iron Head,High Horsepower,Rock Slide,Skitter Smack,Indeedee,Dragapult,Dubwool,Mr. Mime-Galar,Barraskewda, 1565
Mr. Mime-Galar,Eviolite ,Screen Cleaner,76,0,196,68,156,12,Modest,31,0,31,31,31,31,Freeze-Dry,Expanding Force,Trick Room,Dazzling Gleam,Indeedee,Dragapult,Dubwool,Sandaconda,Barraskewda, 1565
Barraskewda,Life Orb ,Propeller Tail,132,252,0,0,0,124,Jolly,31,31,31,0,31,31,Liquidation,Poison Jab,Throat Chop,Protect,Indeedee,Dragapult,Dubwool,Sandaconda,Mr. Mime-Galar, 1565
Inteleon,Scope Lens ,Sniper,4,0,0,252,0,252,Timid,31,0,31,31,31,31,Snipe Shot,Hydro Cannon,Air Slash,Focus Energy,Indeedee-F,Darmanitan-Galar,Grimmsnarl,Duraludon,Cinderace, 1531
Indeedee-F,Psychic Seed ,Psychic Surge,252,0,156,0,100,0,Relaxed,31,0,31,31,31,0,Expanding Force,Follow Me,Helping Hand,Protect,Inteleon,Darmanitan-Galar,Grimmsnarl,Duraludon,Cinderace, 1531
Darmanitan-Galar,Choice Scarf ,Gorilla Tactics,36,252,0,0,0,220,Adamant,31,31,31,31,31,31,Icicle Crash,Superpower,Rock Slide,U-turn,Inteleon,Indeedee-F,Grimmsnarl,Duraludon,Cinderace, 1531
Grimmsnarl,Light Clay ,Prankster,252,0,100,0,156,0,Impish,31,31,31,31,31,31,Spirit Break,Light Screen,Reflect,Thunder Wave,Inteleon,Indeedee-F,Darmanitan-Galar,Duraludon,Cinderace, 1531
Duraludon,Assault Vest ,Stalwart,4,0,252,252,0,0,Modest,31,0,31,31,31,31,Draco Meteor,Thunderbolt,Flash Cannon,Body Press,Inteleon,Indeedee-F,Darmanitan-Galar,Grimmsnarl,Cinderace, 1531
Cinderace,Life Orb ,Libero,4,252,0,0,0,252,Jolly,31,31,31,31,31,31,Pyro Ball,Bounce,Sucker Punch,High Jump Kick,Inteleon,Indeedee-F,Darmanitan-Galar,Grimmsnarl,Duraludon, 1531
Grimmsnarl-Gmax,Light Clay ,Prankster,164,4,132,0,196,12,Careful,31,31,31,31,31,31,Spirit Break,Reflect,Light Screen,Taunt,Boltund,Corviknight,Darmanitan-Galar,Cinderace,Indeedee, 1558
Boltund,Focus Sash ,Competitive,244,0,0,12,0,252,Timid,31,0,31,31,31,31,Volt Switch,Snarl,Charm,Nuzzle,Grimmsnarl-Gmax,Corviknight,Darmanitan-Galar,Cinderace,Indeedee, 1558
Corviknight,Weakness Policy ,Mirror Armor,140,92,4,0,92,180,Adamant,31,31,31,31,31,31,Brave Bird,Iron Head,Bulk Up,Roost,Grimmsnarl-Gmax,Boltund,Darmanitan-Galar,Cinderace,Indeedee, 1558
Darmanitan-Galar,Choice Scarf ,Gorilla Tactics,84,164,4,0,4,252,Adamant,31,31,31,31,31,31,Icicle Crash,Superpower,Rock Slide,U-turn,Grimmsnarl-Gmax,Boltund,Corviknight,Cinderace,Indeedee, 1558
Cinderace,Life Orb ,Libero,28,220,4,0,4,252,Jolly,31,31,31,31,31,31,Pyro Ball,Bounce,Sucker Punch,High Jump Kick,Grimmsnarl-Gmax,Boltund,Corviknight,Darmanitan-Galar,Indeedee, 1558
Indeedee,Tanga Berry ,Psychic Surge,188,0,124,92,4,100,Bold,31,0,31,31,31,31,Expanding Force,Dazzling Gleam,Imprison,Trick Room,Grimmsnarl-Gmax,Boltund,Corviknight,Darmanitan-Galar,Cinderace, 1558
Cramorant,Life Orb ,Gulp Missile,4,0,0,252,0,252,Timid,31,31,31,31,31,31,Ice Beam,Air Slash,Surf,Dive,Arctovish,Sirfetch’d,Duraludon,Sandaconda,Orbeetle, 1475
Arctovish,Assault Vest ,Water Absorb,4,252,252,0,0,0,Impish,31,31,31,31,31,31,Fishious Rend,Icicle Crash,Psychic Fangs,Crunch,Cramorant,Sirfetch’d,Duraludon,Sandaconda,Orbeetle, 1475
Sirfetch’d,Payapa Berry ,Steadfast,4,252,0,0,0,252,Adamant,31,31,31,31,31,31,Detect,Close Combat,Knock Off,Leaf Blade,Cramorant,Arctovish,Duraludon,Sandaconda,Orbeetle, 1475
Duraludon,Choice Specs ,Stalwart,4,0,0,252,0,252,Modest,31,0,31,31,31,31,Flash Cannon,Draco Meteor,Dark Pulse,Thunderbolt,Cramorant,Arctovish,Sirfetch’d,Sandaconda,Orbeetle, 1475
Sandaconda,Weakness Policy ,Shed Skin,0,252,0,0,252,4,Adamant,31,31,31,31,31,31,Glare,High Horsepower,Rock Slide,Iron Head,Cramorant,Arctovish,Sirfetch’d,Duraludon,Orbeetle, 1475
Orbeetle,Light Clay ,Telepathy,252,0,4,0,0,252,Timid,31,0,31,31,31,31,Reflect,Light Screen,Psychic Terrain,Bug Buzz,Cramorant,Arctovish,Sirfetch’d,Duraludon,Sandaconda, 1475
Duraludon,Assault Vest ,Stalwart,124,0,4,236,12,132,Modest,31,10,31,31,31,31,Flash Cannon,Draco Meteor,Thunderbolt,Snarl,Inteleon,Grimmsnarl,Cinderace,Indeedee,Corviknight, 1592
Inteleon,Scope Lens ,Sniper,0,0,0,252,4,252,Timid,31,0,31,31,31,31,Snipe Shot,Icy Wind,Protect,Light Screen,Duraludon,Grimmsnarl,Cinderace,Indeedee,Corviknight, 1592
Grimmsnarl,Light Clay ,Prankster,236,4,164,0,92,12,Careful,31,31,31,31,31,31,Thunder Wave,Light Screen,Reflect,Darkest Lariat,Duraludon,Inteleon,Cinderace,Indeedee,Corviknight, 1592
Cinderace,Life Orb ,Libero,4,252,0,0,0,252,Jolly,31,31,31,31,31,31,High Jump Kick,Sucker Punch,Bounce,Pyro Ball,Duraludon,Inteleon,Grimmsnarl,Indeedee,Corviknight, 1592
Indeedee,Focus Sash ,Psychic Surge,0,0,4,252,0,252,Timid,31,0,31,31,31,31,Expanding Force,Trick Room,Imprison,Protect,Duraludon,Inteleon,Grimmsnarl,Cinderace,Corviknight, 1592
Corviknight,Occa Berry ,Mirror Armor,252,0,92,4,92,68,Bold,31,0,31,31,31,31,Body Press,Iron Defense,Tailwind,Roost,Duraludon,Inteleon,Grimmsnarl,Cinderace,Indeedee, 1592
Indeedee-F,Sitrus Berry ,Psychic Surge,252,0,252,0,4,0,Relaxed,31,0,31,31,31,31,Expanding Force,Follow Me,Helping Hand,Protect,Hatterene,Coalossal,Corviknight,Sirfetch’d,Rillaboom, 1517
Hatterene,Life Orb ,Magic Bounce,252,0,4,252,0,0,Quiet,31,0,31,31,31,0,Expanding Force,Dazzling Gleam,Trick Room,Protect,Indeedee-F,Coalossal,Corviknight,Sirfetch’d,Rillaboom, 1517
Coalossal,Shuca Berry ,Flame Body,252,252,0,0,4,0,Brave,31,31,31,31,31,0,Rock Slide,Flare Blitz,High Horsepower,Protect,Indeedee-F,Hatterene,Corviknight,Sirfetch’d,Rillaboom, 1517
Corviknight,Figy Berry ,Mirror Armor,252,0,4,0,252,0,Careful,31,31,31,31,31,31,Brave Bird,Body Press,Iron Head,Tailwind,Indeedee-F,Hatterene,Coalossal,Sirfetch’d,Rillaboom, 1517
Sirfetch’d,Leek ,Scrappy,252,252,4,0,0,0,Adamant,31,31,31,31,31,31,Close Combat,Brave Bird,Knock Off,Protect,Indeedee-F,Hatterene,Coalossal,Corviknight,Rillaboom, 1517
Rillaboom,Aguav Berry ,Grassy Surge,252,252,0,0,4,0,Adamant,31,31,31,31,31,31,Grassy Glide,Knock Off,High Horsepower,Protect,Indeedee-F,Hatterene,Coalossal,Corviknight,Sirfetch’d, 1517
Dragapult,Focus Sash ,Infiltrator,0,252,0,0,4,252,Jolly,31,31,31,31,31,31,Protect,Will-O-Wisp,Dragon Claw,Phantom Force,Obstagoon,Indeedee-F,Duraludon,Cinderace,Inteleon, 1522
Obstagoon,Leftovers ,Guts,4,252,0,0,0,252,Adamant,31,31,31,31,31,31,Facade,Brick Break,Obstruct,Shadow Claw,Dragapult,Indeedee-F,Duraludon,Cinderace,Inteleon, 1522
Indeedee-F,Psychic Seed ,Psychic Surge,252,0,212,0,44,0,Sassy,31,31,31,31,31,31,Expanding Force,Follow Me,Helping Hand,Protect,Dragapult,Obstagoon,Duraludon,Cinderace,Inteleon, 1522
Duraludon,Assault Vest ,Stalwart,0,0,0,252,4,252,Timid,31,31,31,31,31,31,Draco Meteor,Flash Cannon,Thunderbolt,Stealth Rock,Dragapult,Obstagoon,Indeedee-F,Cinderace,Inteleon, 1522
Cinderace,Life Orb ,Libero,0,252,0,0,4,252,Jolly,31,31,31,31,31,31,Court Change,Iron Head,Pyro Ball,Bounce,Dragapult,Obstagoon,Indeedee-F,Duraludon,Inteleon, 1522
Inteleon,Scope Lens ,Sniper,0,0,0,252,4,252,Timid,31,31,31,31,31,31,Ice Beam,Dark Pulse,Snipe Shot,U-turn,Dragapult,Obstagoon,Indeedee-F,Duraludon,Cinderace, 1522
Cinderace,Life Orb ,Libero,4,252,0,0,0,252,Adamant,31,31,31,31,31,31,Pyro Ball,Bounce,Low Sweep,Protect,Rillaboom,Duraludon,Indeedee,Hatterene,Corviknight, 1586
Rillaboom,Choice Band ,Grassy Surge,4,252,0,0,0,252,Adamant,31,31,31,31,31,31,Superpower,Grassy Glide,High Horsepower,Knock Off,Cinderace,Duraludon,Indeedee,Hatterene,Corviknight, 1586
Duraludon,Assault Vest ,Stalwart,244,0,0,252,12,0,Quiet,31,31,31,31,31,31,Flash Cannon,Thunderbolt,Draco Meteor,Dark Pulse,Cinderace,Rillaboom,Indeedee,Hatterene,Corviknight, 1586
Indeedee,Focus Sash ,Psychic Surge,252,0,0,8,240,8,Calm,31,0,31,31,31,31,Imprison,Expanding Force,Trick Room,Helping Hand,Cinderace,Rillaboom,Duraludon,Hatterene,Corviknight, 1586
Hatterene,Babiri Berry ,Magic Bounce,148,0,100,252,8,0,Quiet,31,0,31,31,31,0,Mystical Fire,Psychic,Protect,Dazzling Gleam,Cinderace,Rillaboom,Duraludon,Indeedee,Corviknight, 1586
Corviknight,Lum Berry ,Mirror Armor,0,96,252,0,0,160,Timid,31,31,31,31,31,31,Body Press,Protect,Iron Head,Iron Defense,Cinderace,Rillaboom,Duraludon,Indeedee,Hatterene, 1586
Duraludon,Life Orb ,Stalwart,4,0,0,252,0,252,Timid,31,0,31,31,31,31,Flash Cannon,Draco Meteor,Thunderbolt,Protect,Indeedee-F,Stonjourner,Rillaboom,Grimmsnarl,Dragapult, 1518
Indeedee-F,Safety Goggles ,Psychic Surge,252,0,0,4,0,252,Timid,31,0,31,31,31,31,Follow Me,Expanding Force,Helping Hand,Protect,Duraludon,Stonjourner,Rillaboom,Grimmsnarl,Dragapult, 1518
Stonjourner,Focus Sash ,Power Spot,4,252,0,0,0,252,Jolly,31,31,31,31,31,31,Rock Slide,Wide Guard,Safeguard,Protect,Duraludon,Indeedee-F,Rillaboom,Grimmsnarl,Dragapult, 1518
Rillaboom,Assault Vest ,Grassy Surge,196,132,148,0,28,4,Adamant,31,31,31,31,31,31,Knock Off,Fake Out,Grassy Glide,U-turn,Duraludon,Indeedee-F,Stonjourner,Grimmsnarl,Dragapult, 1518
Grimmsnarl,Light Clay ,Prankster,252,34,12,0,120,90,Adamant,31,31,31,31,31,31,Taunt,Light Screen,Reflect,Spirit Break,Duraludon,Indeedee-F,Stonjourner,Rillaboom,Dragapult, 1518
Dragapult,Weakness Policy ,Clear Body,172,108,4,0,4,220,Jolly,31,31,31,31,31,31,Phantom Force,Dragon Darts,Fly,Protect,Duraludon,Indeedee-F,Stonjourner,Rillaboom,Grimmsnarl, 1518
Inteleon,Choice Specs ,Sniper,4,0,0,252,0,252,Timid,31,0,31,31,31,31,Snipe Shot,Mud Shot,Dark Pulse,Hydro Cannon,Duraludon,Grimmsnarl,Indeedee-F,Cinderace,Alcremie, 1602
Duraludon,Assault Vest ,Stalwart,236,0,4,252,4,12,Modest,31,0,31,31,31,31,Flash Cannon,Draco Meteor,Dark Pulse,Thunderbolt,Inteleon,Grimmsnarl,Indeedee-F,Cinderace,Alcremie, 1602
Grimmsnarl,Light Clay ,Prankster,244,0,252,0,12,0,Bold,31,31,31,31,31,31,Spirit Break,Light Screen,Reflect,Thunder Wave,Inteleon,Duraludon,Indeedee-F,Cinderace,Alcremie, 1602
Indeedee-F,Focus Sash ,Psychic Surge,236,0,0,252,0,20,Modest,31,0,31,31,31,31,Expanding Force,Helping Hand,Follow Me,Protect,Inteleon,Duraludon,Grimmsnarl,Cinderace,Alcremie, 1602
Cinderace,Life Orb ,Libero,4,252,0,0,0,252,Jolly,31,31,31,31,31,31,Pyro Ball,High Jump Kick,Bounce,Sucker Punch,Inteleon,Duraludon,Grimmsnarl,Indeedee-F,Alcremie, 1602
Alcremie,Choice Scarf ,Aroma Veil,252,0,0,0,4,252,Timid,31,0,31,31,31,31,Dazzling Gleam,Decorate,Charm,Magic Room,Inteleon,Duraludon,Grimmsnarl,Indeedee-F,Cinderace, 1602
Grimmsnarl,Light Clay ,Prankster,252,0,156,0,100,0,Impish,31,31,31,31,31,31,Light Screen,Reflect,Fake Out,Thunder Wave,Dubwool,Indeedee-F,Dragapult,Cinderace,Rillaboom, 1463
Dubwool,Chesto Berry ,Fluffy,180,0,76,0,156,92,Jolly,31,0,31,31,31,31,Body Press,Substitute,Cotton Guard,Protect,Grimmsnarl,Indeedee-F,Dragapult,Cinderace,Rillaboom, 1463
Indeedee-F,Psychic Seed ,Psychic Surge,244,0,164,0,100,0,Bold,31,0,31,31,31,31,Expanding Force,Mystical Fire,Follow Me,Helping Hand,Grimmsnarl,Dubwool,Dragapult,Cinderace,Rillaboom, 1463
Dragapult,Life Orb ,Clear Body,4,252,0,0,0,252,Jolly,31,31,31,31,31,31,Phantom Force,Outrage,U-turn,Dive,Grimmsnarl,Dubwool,Indeedee-F,Cinderace,Rillaboom, 1463
Cinderace,Expert Belt ,Libero,4,252,0,0,0,252,Jolly,31,31,31,31,31,31,Flare Blitz,U-turn,Iron Head,Bounce,Grimmsnarl,Dubwool,Indeedee-F,Dragapult,Rillaboom, 1463
Rillaboom,Assault Vest ,Grassy Surge,4,220,84,0,84,116,Serious,31,31,31,31,31,31,Grassy Glide,Earthquake,Knock Off,Wood Hammer,Grimmsnarl,Dubwool,Indeedee-F,Dragapult,Cinderace, 1463
Cinderace,Life Orb ,Libero,4,252,0,0,0,252,Jolly,31,31,31,31,31,31,Pyro Ball,Bounce,High Jump Kick,Protect,Grimmsnarl,Duraludon,Darmanitan-Galar,Indeedee-F,Rillaboom, 1457
Grimmsnarl,Light Clay ,Prankster,244,0,116,0,148,0,Careful,31,31,31,31,31,31,Light Screen,Taunt,Reflect,Sucker Punch,Cinderace,Duraludon,Darmanitan-Galar,Indeedee-F,Rillaboom, 1457
Duraludon,Assault Vest ,Stalwart,188,0,4,156,100,60,Modest,31,0,31,31,31,31,Flash Cannon,Draco Meteor,Thunderbolt,Dark Pulse,Cinderace,Grimmsnarl,Darmanitan-Galar,Indeedee-F,Rillaboom, 1457
Darmanitan-Galar,Choice Scarf ,Gorilla Tactics,4,252,0,0,0,252,Jolly,31,31,31,31,31,31,Rock Slide,Superpower,Fare Blitz,Icicle Crash,Cinderace,Grimmsnarl,Duraludon,Indeedee-F,Rillaboom, 1457
Indeedee-F,Psychic Seed ,Psychic Surge,244,0,164,64,36,0,Relaxed,31,0,31,31,31,0,Follow Me,Expanding Force,Helping Hand,Imprison,Cinderace,Grimmsnarl,Duraludon,Darmanitan-Galar,Rillaboom, 1457
Rillaboom,Miracle Seed ,Grassy Surge,132,252,48,0,76,0,Brave,31,31,31,31,31,0,Fake Out,Grassy Glide,High Horsepower,Knock Off,Cinderace,Grimmsnarl,Duraludon,Darmanitan-Galar,Indeedee-F, 1457
Indeedee-F,Psychic Seed ,Psychic Surge,252,0,252,4,0,0,Bold,31,0,31,31,31,31,Follow Me,Expanding Force,Protect,Helping Hand,Dragapult,Toxtricity-Gmax,Cinderace,Rillaboom,Grimmsnarl, 1552
Dragapult,Life Orb ,Clear Body,4,252,0,0,0,252,Jolly,31,31,31,31,31,31,Dragon Dance,Dragon Darts,Fly,Phantom Force,Indeedee-F,Toxtricity-Gmax,Cinderace,Rillaboom,Grimmsnarl, 1552
Toxtricity-Gmax,Choice Specs ,Punk Rock,4,0,0,252,0,252,Timid,31,0,31,31,31,31,Overdrive,Boomburst,Volt Switch,Sludge Bomb,Indeedee-F,Dragapult,Cinderace,Rillaboom,Grimmsnarl, 1552
Cinderace,Expert Belt ,Libero,4,252,0,0,0,252,Jolly,31,31,31,31,31,31,Pyro Ball,High Jump Kick,Iron Head,Zen Headbutt,Indeedee-F,Dragapult,Toxtricity-Gmax,Rillaboom,Grimmsnarl, 1552
Rillaboom,Miracle Seed ,Grassy Surge,252,252,0,0,0,4,Adamant,31,31,31,31,31,31,Grassy Glide,Wood Hammer,Fake Out,Knock Off,Indeedee-F,Dragapult,Toxtricity-Gmax,Cinderace,Grimmsnarl, 1552
Grimmsnarl,Light Clay ,Prankster,252,0,132,0,124,0,Careful,31,31,31,31,31,31,Spirit Break,Reflect,Taunt,Fake Tears,Indeedee-F,Dragapult,Toxtricity-Gmax,Cinderace,Rillaboom, 1552
Grimmsnarl,Light Clay ,Prankster,252,252,0,0,0,4,Adamant,31,31,31,31,31,31,Darkest Lariat,Reflect,Light Screen,Thunder Wave,Corviknight,Cramorant,Indeedee-F,Dracovish,Falinks, 1429
Corviknight,Figy Berry ,Mirror Armor,252,0,4,0,252,0,Careful,31,31,31,31,31,31,Body Press,Iron Head,Brave Bird,Tailwind,Grimmsnarl,Cramorant,Indeedee-F,Dracovish,Falinks, 1429
Cramorant,Life Orb ,Gulp Missile,0,0,0,252,0,252,Modest,31,0,31,31,31,31,Surf,Air Slash,Ice Beam,Protect,Grimmsnarl,Corviknight,Indeedee-F,Dracovish,Falinks, 1429
Indeedee-F,,Psychic Surge,252,0,0,0,252,0,Calm,31,0,31,31,31,31,Expanding Force,Follow Me,Helping Hand,Protect,Grimmsnarl,Corviknight,Cramorant,Dracovish,Falinks, 1429
Dracovish,Choice Scarf ,Water Absorb,0,252,0,0,0,252,Lonely,31,31,10,31,20,31,Earthquake,Dragon Rush,Crunch,Fishious Rend,Grimmsnarl,Corviknight,Cramorant,Indeedee-F,Falinks, 1429
Falinks,Sitrus Berry ,Battle Armor,4,252,0,0,0,252,Jolly,31,31,31,20,25,31,Close Combat,Protect,Iron Head,No Retreat,Grimmsnarl,Corviknight,Cramorant,Indeedee-F,Dracovish, 1429
Grimmsnarl-Gmax,Weakness Policy ,Pickpocket,4,252,0,0,252,0,Adamant,31,31,31,31,31,31,Spirit Break,False Surrender,Stomping Tantrum,Shadow Claw,Cinderace,Inteleon,Rillaboom,Duraludon,Coalossal-Gmax, 1557
Cinderace,Focus Sash ,Libero,4,252,0,0,0,252,Jolly,31,31,31,31,31,31,Ally Switch,High Jump Kick,Coaching,Protect,Grimmsnarl-Gmax,Inteleon,Rillaboom,Duraludon,Coalossal-Gmax, 1557
Inteleon,Choice Specs ,Sniper,0,0,0,252,4,252,Timid,31,0,31,31,31,31,Surf,Air Slash,Icy Wind,Shadow Ball,Grimmsnarl-Gmax,Cinderace,Rillaboom,Duraludon,Coalossal-Gmax, 1557
Rillaboom,Miracle Seed ,Grassy Surge,252,252,0,0,0,4,Adamant,31,31,31,31,31,31,Grassy Glide,High Horsepower,Fake Out,Bulk Up,Grimmsnarl-Gmax,Cinderace,Inteleon,Duraludon,Coalossal-Gmax, 1557
Duraludon,Life Orb ,Stalwart,0,0,0,252,4,252,Timid,31,0,31,31,31,31,Steel Beam,Draco Meteor,Thunderbolt,Dark Pulse,Grimmsnarl-Gmax,Cinderace,Inteleon,Rillaboom,Coalossal-Gmax, 1557
Coalossal-Gmax,Power Herb ,Flash Fire,252,0,0,252,4,0,Quiet,31,0,31,31,31,0,Heat Wave,Meteor Beam,Solar Beam,Scorching Sands,Grimmsnarl-Gmax,Cinderace,Inteleon,Rillaboom,Duraludon, 1557
Rillaboom,Miracle Seed ,Grassy Surge,0,252,0,0,4,252,Adamant,31,31,31,31,31,31,Grassy Glide,Knock Off,High Horsepower,Protect,Eldegoss,Appletun,Frosmoth,Greedent,Alcremie, 1550
Eldegoss,Leftovers ,Regenerator,252,0,0,4,252,0,Calm,31,0,31,31,31,31,Sleep Powder,Leech Seed,Protect,Giga Drain,Rillaboom,Appletun,Frosmoth,Greedent,Alcremie, 1550
Appletun,Assault Vest ,Ripen,252,0,4,252,0,0,Quiet,31,0,31,31,31,31,Apple Acid,Draco Meteor,Giga Drain,Dragon Pulse,Rillaboom,Eldegoss,Frosmoth,Greedent,Alcremie, 1550
Frosmoth,Focus Sash ,Shield Dust,252,0,0,4,0,252,Timid,31,0,31,31,31,31,Tailwind,Bug Buzz,Protect,Icy Wind,Rillaboom,Eldegoss,Appletun,Greedent,Alcremie, 1550
Greedent,Sitrus Berry ,Cheek Pouch,252,252,0,0,4,0,Adamant,31,31,31,31,31,31,Earthquake,Belly Drum,Body Slam,Psychic Fangs,Rillaboom,Eldegoss,Appletun,Frosmoth,Alcremie, 1550
Alcremie,Life Orb ,Sweet Veil,252,0,0,252,4,0,Modest,31,0,31,31,31,31,Dazzling Gleam,Protect,Mystical Fire,Psychic,Rillaboom,Eldegoss,Appletun,Frosmoth,Greedent, 1550
Corviknight,Weakness Policy ,Mirror Armor,252,100,0,0,156,0,Adamant,31,31,31,31,31,31,Brave Bird,Iron Head,Bulk Up,Roost,Thievul,Dragapult,Grimmsnarl,Corsola-Galar,Obstagoon, 1486
Thievul,Focus Sash ,Unburden,252,0,4,0,0,252,Timid,31,0,31,31,31,31,Snarl,Fire Fang,Parting Shot,Sucker Punch,Corviknight,Dragapult,Grimmsnarl,Corsola-Galar,Obstagoon, 1486
Dragapult,Life Orb ,Clear Body,44,0,0,212,0,252,Timid,31,0,31,31,31,31,Shadow Ball,Draco Meteor,Thunderbolt,Protect,Corviknight,Thievul,Grimmsnarl,Corsola-Galar,Obstagoon, 1486
Grimmsnarl,Sitrus Berry ,Prankster,252,0,116,0,140,0,Impish,31,31,31,31,31,31,Fake Tears,Fake Out,Light Screen,Spirit Break,Corviknight,Thievul,Dragapult,Corsola-Galar,Obstagoon, 1486
Corsola-Galar,Eviolite ,Weak Armor,252,0,180,0,76,0,Sassy,31,0,31,31,31,0,Night Shade,Strength Sap,Will-O-Wisp,Mirror Coat,Corviknight,Thievul,Dragapult,Grimmsnarl,Obstagoon, 1486
Obstagoon,Flame Orb ,Guts,252,148,0,0,108,0,Careful,31,31,31,31,31,31,Facade,Assurance,Obstruct,Close Combat,Corviknight,Thievul,Dragapult,Grimmsnarl,Corsola-Galar, 1486
Corsola-Galar,Eviolite ,Cursed Body,252,0,0,252,4,0,Modest,31,0,31,31,31,31,Hex,Iron Defense,Calm Mind,Strength Sap,Arctovish,Toxtricity-Gmax,Cinderace,Grimmsnarl,Dragapult, 1553
Arctovish,Assault Vest ,Water Absorb,252,0,0,252,4,0,Modest,31,0,31,31,31,31,Meteor Beam,Freeze-Dry,Surf,Icy Wind,Corsola-Galar,Toxtricity-Gmax,Cinderace,Grimmsnarl,Dragapult, 1553
Toxtricity-Gmax,Air Balloon ,Punk Rock,252,0,0,252,0,4,Timid,31,31,31,31,31,31,Overdrive,Volt Switch,Sludge Bomb,Nuzzle,Corsola-Galar,Arctovish,Cinderace,Grimmsnarl,Dragapult, 1553
Cinderace,Life Orb ,Libero,0,252,0,0,4,252,Jolly,31,31,31,31,31,31,Pyro Ball,Iron Head,Zen Headbutt,Assurance,Corsola-Galar,Arctovish,Toxtricity-Gmax,Grimmsnarl,Dragapult, 1553
Grimmsnarl,Light Clay ,Prankster,252,252,0,0,4,0,Adamant,31,31,31,31,31,31,Fake Out,Reflect,Light Screen,Spirit Break,Corsola-Galar,Arctovish,Toxtricity-Gmax,Cinderace,Dragapult, 1553
Dragapult,Focus Sash ,Infiltrator,0,252,0,0,4,252,Jolly,31,31,31,31,31,31,U-turn,Dragon Darts,Phantom Force,Acrobatics,Corsola-Galar,Arctovish,Toxtricity-Gmax,Cinderace,Grimmsnarl, 1553
Cinderace,Life Orb ,Libero,4,252,0,0,0,252,Adamant,31,31,31,31,31,31,Pyro Ball,Iron Head,Sucker Punch,Bounce,Grimmsnarl,Indeedee,Corviknight,Rillaboom,Toxtricity, 1616
Grimmsnarl,Light Clay ,Prankster,252,4,124,0,116,12,Careful,31,31,31,31,31,31,Light Screen,Reflect,Spirit Break,Thunder Wave,Cinderace,Indeedee,Corviknight,Rillaboom,Toxtricity, 1616
Indeedee,Focus Sash ,Psychic Surge,4,0,0,252,0,252,Modest,31,0,31,31,31,31,Trick Room,Imprison,Expanding Force,Dazzling Gleam,Cinderace,Grimmsnarl,Corviknight,Rillaboom,Toxtricity, 1616
Corviknight,Leftovers ,Mirror Armor,252,0,76,0,180,0,Bold,31,0,31,31,31,31,Iron Defense,Body Press,Roost,Protect,Cinderace,Grimmsnarl,Indeedee,Rillaboom,Toxtricity, 1616
Rillaboom,Assault Vest ,Grassy Surge,252,180,0,0,76,0,Adamant,31,31,31,31,31,0,Fake Out,Wood Hammer,Grassy Glide,Brick Break,Cinderace,Grimmsnarl,Indeedee,Corviknight,Toxtricity, 1616
Toxtricity,Magnet ,Punk Rock,4,0,0,252,0,252,Modest,31,0,31,31,31,31,Overdrive,Sludge Bomb,Snarl,Protect,Cinderace,Grimmsnarl,Indeedee,Corviknight,Rillaboom, 1616
Dragapult,Weakness Policy ,Clear Body,4,252,0,0,0,252,Jolly,31,31,31,31,31,31,Phantom Force,Fly,Dragon Darts,Steel Wing,Dubwool,Corviknight-Gmax,Boltund,Sirfetch’d,Mr. Rime, 1497
Dubwool,Leftovers ,Fluffy,252,0,252,0,4,0,Impish,31,31,31,31,31,31,Grassy Glide,Body Press,Cotton Guard,Payback,Dragapult,Corviknight-Gmax,Boltund,Sirfetch’d,Mr. Rime, 1497
Corviknight-Gmax,Rocky Helmet ,Mirror Armor,252,0,252,0,0,4,Impish,31,31,31,31,31,31,Brave Bird,Iron Head,Body Press,U-turn,Dragapult,Dubwool,Boltund,Sirfetch’d,Mr. Rime, 1497
Boltund,Assault Vest ,Competitive,0,252,0,0,4,252,Jolly,31,31,31,31,31,31,Thunderbolt,Fire Fang,Dig,Nuzzle,Dragapult,Dubwool,Corviknight-Gmax,Sirfetch’d,Mr. Rime, 1497
Sirfetch’d,Leek ,Scrappy,0,252,4,0,0,252,Jolly,31,31,31,31,31,31,Leaf Blade,Detect,Knock Off,Close Combat,Dragapult,Dubwool,Corviknight-Gmax,Boltund,Mr. Rime, 1497
Mr. Rime,Wiki Berry ,Screen Cleaner,0,0,252,252,0,0,Modest,31,4,31,31,31,31,Psychic,Helping Hand,Freeze-Dry,Ice Shard,Dragapult,Dubwool,Corviknight-Gmax,Boltund,Sirfetch’d, 1497
Corsola-Galar,Eviolite ,Cursed Body,252,0,252,0,4,0,Bold,31,0,31,31,31,31,Strength Sap,Stealth Rock,Will-O-Wisp,Hex,Rillaboom,Indeedee-F,Dracovish,Darmanitan-Galar,Corviknight-Gmax, 1547
Rillaboom,Grassy Seed ,Grassy Surge,0,252,4,0,0,252,Adamant,31,31,31,31,31,31,Grassy Glide,Fake Out,High Horsepower,U-turn,Corsola-Galar,Indeedee-F,Dracovish,Darmanitan-Galar,Corviknight-Gmax, 1547
Indeedee-F,Focus Sash ,Psychic Surge,252,0,216,0,40,0,Sassy,31,31,31,31,31,31,Expanding Force,Follow Me,Helping Hand,Psychic,Corsola-Galar,Rillaboom,Dracovish,Darmanitan-Galar,Corviknight-Gmax, 1547
Dracovish,Life Orb ,Water Absorb,0,252,4,0,0,252,Jolly,31,31,31,31,31,31,Rock Blast,Fishious Rend,Protect,Outrage,Corsola-Galar,Rillaboom,Indeedee-F,Darmanitan-Galar,Corviknight-Gmax, 1547
Darmanitan-Galar,Choice Band ,Gorilla Tactics,4,252,0,0,0,252,Jolly,31,31,31,31,31,31,U-turn,Ice Punch,Flare Blitz,Superpower,Corsola-Galar,Rillaboom,Indeedee-F,Dracovish,Corviknight-Gmax, 1547
Corviknight-Gmax,Rocky Helmet ,Mirror Armor,252,0,252,0,0,4,Impish,31,31,31,31,31,31,Brave Bird,Iron Head,Body Press,Iron Defense,Corsola-Galar,Rillaboom,Indeedee-F,Dracovish,Darmanitan-Galar, 1547
Cinderace,Life Orb ,Libero,4,252,0,0,0,252,Jolly,31,31,31,31,31,31,Bounce,Pyro Ball,Sucker Punch,High Jump Kick,Rillaboom,Dracovish,Indeedee-F,Duraludon,Grimmsnarl, 1578
Rillaboom,Miracle Seed ,Grassy Surge,252,252,0,0,4,0,Brave,31,31,31,31,31,0,Grassy Glide,Fake Out,Protect,High Horsepower,Cinderace,Dracovish,Indeedee-F,Duraludon,Grimmsnarl, 1578
Dracovish,Choice Scarf ,Water Absorb,4,252,0,0,0,252,Adamant,31,31,31,31,31,31,Fishious Rend,Psychic Fangs,Crunch,Ice Fang,Cinderace,Rillaboom,Indeedee-F,Duraludon,Grimmsnarl, 1578
Indeedee-F,Focus Sash ,Psychic Surge,252,0,8,248,0,0,Quiet,31,0,31,31,31,0,Helping Hand,Follow Me,Expanding Force,Protect,Cinderace,Rillaboom,Dracovish,Duraludon,Grimmsnarl, 1578
Duraludon,Assault Vest ,Stalwart,188,0,4,156,100,60,Modest,31,0,31,31,31,31,Flash Cannon,Dark Pulse,Draco Meteor,Body Press,Cinderace,Rillaboom,Dracovish,Indeedee-F,Grimmsnarl, 1578
Grimmsnarl,Light Clay ,Prankster,252,24,156,0,76,0,Careful,31,31,31,0,31,31,Thunder Wave,Spirit Break,Reflect,Light Screen,Cinderace,Rillaboom,Dracovish,Indeedee-F,Duraludon, 1578
Barraskewda,Focus Sash ,Swift Swim,0,248,4,0,0,252,Adamant,31,31,31,31,31,31,Liquidation,Close Combat,Protect,Psychic Fangs,Drednaw,Toxtricity,Indeedee-F,Grapploct,Alcremie, 1464
Drednaw,Shuca Berry ,Swift Swim,252,0,4,0,0,252,Jolly,31,31,31,31,31,31,Liquidation,Earthquake,Rock Slide,Stealth Rock,Barraskewda,Toxtricity,Indeedee-F,Grapploct,Alcremie, 1464
Toxtricity,Choice Scarf ,Punk Rock,0,0,0,252,36,216,Modest,31,0,31,31,31,31,Volt Switch,Overdrive,Boomburst,Sludge Bomb,Barraskewda,Drednaw,Indeedee-F,Grapploct,Alcremie, 1464
Indeedee-F,Sitrus Berry ,Psychic Surge,4,0,252,0,252,0,Bold,31,0,31,31,31,31,Follow Me,Protect,Helping Hand,Expanding Force,Barraskewda,Drednaw,Toxtricity,Grapploct,Alcremie, 1464
Grapploct,Assault Vest ,Limber,252,84,160,0,0,12,Adamant,31,31,31,31,31,31,Ice Punch,Close Combat,Drain Punch,Sucker Punch,Barraskewda,Drednaw,Toxtricity,Indeedee-F,Alcremie, 1464
Alcremie,Life Orb ,Sweet Veil,0,0,68,252,0,184,Modest,31,0,31,31,31,31,Dazzling Gleam,Mystical Fire,Psychic,Recover,Barraskewda,Drednaw,Toxtricity,Indeedee-F,Grapploct, 1464
Corviknight,Leftovers ,Mirror Armor,196,0,0,0,252,60,Impish,31,0,31,31,31,31,Tailwind,Roost,Iron Defense,Body Press,Dracovish,Indeedee-F,Grimmsnarl,Rillaboom,Duraludon, 1580
Dracovish,Life Orb ,Sand Rush,4,252,0,0,0,252,Adamant,31,31,31,31,31,31,Fishious Rend,Rock Slide,Earthquake,Psychic Fangs,Corviknight,Indeedee-F,Grimmsnarl,Rillaboom,Duraludon, 1580
Indeedee-F,Aguav Berry ,Psychic Surge,252,0,252,4,0,0,Serious,31,0,31,31,31,0,Follow Me,Expanding Force,Helping Hand,Heal Pulse,Corviknight,Dracovish,Grimmsnarl,Rillaboom,Duraludon, 1580
Grimmsnarl,Light Clay ,Prankster,252,252,0,0,0,4,Adamant,31,31,31,31,31,31,Light Screen,Reflect,Sucker Punch,Thunder Wave,Corviknight,Dracovish,Indeedee-F,Rillaboom,Duraludon, 1580
Rillaboom,Miracle Seed ,Grassy Surge,252,252,0,0,4,0,Brave,31,31,31,31,31,0,Fake Out,Grassy Glide,U-turn,Superpower,Corviknight,Dracovish,Indeedee-F,Grimmsnarl,Duraludon, 1580
Duraludon,Assault Vest ,Stalwart,0,0,0,180,76,252,Timid,31,0,31,31,31,31,Flash Cannon,Draco Meteor,Dark Pulse,Thunderbolt,Corviknight,Dracovish,Indeedee-F,Grimmsnarl,Rillaboom, 1580
Rillaboom,Miracle Seed ,Grassy Surge,252,252,0,0,0,4,Adamant,31,31,31,31,31,31,Fake Out,Grassy Glide,Earthquake,Protect,Cinderace,Hatterene,Corviknight,Orbeetle-Gmax,Darmanitan-Galar, 1529
Cinderace,Life Orb ,Libero,4,252,0,0,0,252,Jolly,31,31,31,31,31,31,Pyro Ball,Iron Head,Bounce,High Jump Kick,Rillaboom,Hatterene,Corviknight,Orbeetle-Gmax,Darmanitan-Galar, 1529
Hatterene,Focus Sash ,Magic Bounce,252,0,0,252,4,0,Quiet,31,0,31,31,31,0,Expanding Force,Dazzling Gleam,Heal Pulse,Protect,Rillaboom,Cinderace,Corviknight,Orbeetle-Gmax,Darmanitan-Galar, 1529
Corviknight,Lum Berry ,Mirror Armor,252,0,140,0,116,0,Impish,31,31,31,31,31,31,Brave Bird,Body Press,Bulk Up,Roost,Rillaboom,Cinderace,Hatterene,Orbeetle-Gmax,Darmanitan-Galar, 1529
Orbeetle-Gmax,Leftovers ,Telepathy,252,0,140,0,116,0,Impish,31,0,31,31,31,31,Struggle Bug,Psychic,Trick Room,Imprison,Rillaboom,Cinderace,Hatterene,Corviknight,Darmanitan-Galar, 1529
Darmanitan-Galar,Choice Scarf ,Gorilla Tactics,4,252,0,0,0,252,Jolly,31,31,31,31,31,31,Icicle Crash,Flare Blitz,U-turn,Superpower,Rillaboom,Cinderace,Hatterene,Corviknight,Orbeetle-Gmax, 1529
Grimmsnarl,Light Clay ,Prankster,252,4,0,0,252,0,Careful,31,31,31,31,31,31,Scary Face,Reflect,Light Screen,Spirit Break,Rillaboom,Pincurchin,Cinderace,Duraludon,Darmanitan-Galar, 1584
Rillaboom,Grassy Seed ,Grassy Surge,252,252,0,0,4,0,Brave,31,31,31,31,31,31,Grassy Glide,Fake Out,Protect,Knock Off,Grimmsnarl,Pincurchin,Cinderace,Duraludon,Darmanitan-Galar, 1584
Pincurchin,Magnet ,Electric Surge,252,0,4,252,0,0,Quiet,31,0,31,31,31,31,Rising Voltage,Scald,Recover,Protect,Grimmsnarl,Rillaboom,Cinderace,Duraludon,Darmanitan-Galar, 1584
Cinderace,Life Orb ,Libero,0,252,0,0,4,252,Jolly,31,31,31,31,31,31,High Jump Kick,Iron Head,Sucker Punch,Pyro Ball,Grimmsnarl,Rillaboom,Pincurchin,Duraludon,Darmanitan-Galar, 1584
Duraludon,Assault Vest ,Stalwart,236,0,0,252,4,16,Modest,31,0,31,31,31,31,Thunderbolt,Draco Meteor,Flash Cannon,Dark Pulse,Grimmsnarl,Rillaboom,Pincurchin,Cinderace,Darmanitan-Galar, 1584
Darmanitan-Galar,Choice Scarf ,Gorilla Tactics,0,252,0,0,4,252,Jolly,31,31,31,31,31,31,Icicle Crash,Stone Edge,Superpower,Iron Head,Grimmsnarl,Rillaboom,Pincurchin,Cinderace,Duraludon, 1584
